종목코드,종목명,현재가,대비,등락률(%),매도호가,매수호가,거래량(주),거래대금(원),시가,고가,저가,액면가,통화구분,상장주식수(주),상장시가총액(원),총카운트
6740,영풍제지,"2,950",15,0.51,"2,955","2,950","15,036","44,537,150","2,950","2,975","2,930",500,원(KRW),"22,200,000","65,490,000,000",
12280,영화금속,"1,840",20,1.1,"1,840","1,835","153,127","280,299,020","1,810","1,845","1,810",500,원(KRW),"45,451,006","83,629,851,040",
12160,영흥철강,"1,655",30,0,"1,660","1,655","34,137","56,400,340","1,645","1,660","1,645",500,원(KRW),"85,826,509","142,042,872,395",
15360,예스코,"37,300",250,0.67,"37,300","37,200","1,300","48,348,500","37,450","37,450","37,100","5,000",원(KRW),"6,000,000","223,800,000,000",
7310,오뚜기,"738,000","3,000",0.41,"739,000","738,000","3,602","2,657,175,000","730,000","739,000","730,000","5,000",원(KRW),"3,440,000","2,538,720,000,000",
2630,오리엔트바이오,"1,370",-65,4.53,"1,370","1,365","7,020,112","9,599,080,105","1,425","1,425","1,335",500,원(KRW),"161,060,844","220,653,356,280",
1800,오리온,"698,000","25,000",3.71,"698,000","697,000","31,724","21,661,698,160","667,000","699,000","667,000","5,000",원(KRW),"6,008,435","4,193,887,630,000",
10600,와이비로드,"2,095",-5,0.24,"2,095","2,090","113,865","235,342,425","2,065","2,115","2,045",500,원(KRW),"15,249,884","31,948,506,980",
70960,용평리조트,"9,330",470,5.3,"9,330","9,320","1,067,222","9,747,568,310","8,860","9,370","8,860","5,000",원(KRW),"48,133,333","449,083,996,890",
16880,웅진,"2,170",-20,0.91,"2,180","2,170","95,282","207,130,700","2,165","2,195","2,165",500,원(KRW),"72,677,207","157,709,539,190",
95720,웅진씽크빅,"8,720",70,0.81,"8,720","8,710","70,029","608,509,390","8,650","8,720","8,610",500,원(KRW),"34,621,165","301,896,558,800",
103130,웅진에너지,"5,140",80,1.58,"5,140","5,130","116,859","596,552,190","5,060","5,160","5,030","5,000",원(KRW),"24,889,719","127,933,155,660",
5820,원림,"24,900",150,0.61,"24,900","24,800",553,"13,802,000","24,750","25,450","24,700","5,000",원(KRW),"2,200,000","54,780,000,000",
8600,윌비스,"2,480",115,4.86,"2,480","2,475","1,621,916","3,961,258,245","2,345","2,490","2,335","1,000",원(KRW),"57,000,000","141,360,000,000",
33270,유나이티드제약,"19,800",300,1.54,"19,800","19,700","61,601","1,213,942,850","19,750","19,900","19,450",500,원(KRW),"16,207,322","320,904,975,600",
14830,유니드,"46,700",350,0.76,"46,700","46,400","15,196","701,004,050","46,050","47,000","45,650","5,000",원(KRW),"8,889,843","415,155,668,100",
910,유니온,"4,045",30,0,"4,090","4,045","17,266","70,212,540","4,085","4,110","4,040",500,원(KRW),"15,611,619","63,148,998,855",
11330,유니켐,"1,725",40,2.37,"1,725","1,720","57,391","97,868,305","1,775","1,775","1,690",500,원(KRW),"50,980,259","87,940,946,775",
77500,유니퀘스트,"7,000",20,0.29,"7,000","6,990","91,255","639,820,980","7,010","7,050","6,970",500,원(KRW),"27,049,809","189,348,663,000",
2920,유성기업,"4,525",10,0.22,"4,530","4,525","21,506","97,306,370","4,555","4,555","4,510",500,원(KRW),"25,947,500","117,412,437,500",
700,유수홀딩스,"6,980",-40,0.57,"6,980","6,970","29,486","203,490,820","6,980","7,020","6,690","2,500",원(KRW),"26,041,812","181,771,847,760",
3470,유안타증권,"3,700",150,4.23,"3,700","3,695","1,493,535","5,467,407,925","3,555","3,700","3,555","5,000",원(KRW),"199,577,435","738,436,509,500",
11690,유양디앤유,"3,975",-20,0.5,"3,975","3,970","102,473","405,864,525","3,905","3,995","3,905",500,원(KRW),"51,254,762","203,737,678,950",
72130,유엔젤,"5,760",30,0,"5,760","5,730","16,883","96,944,590","5,760","5,800","5,700",500,원(KRW),"13,195,454","76,005,815,040",
220,유유제약,"9,200",-10,0.11,"9,200","9,180","11,760","107,913,750","9,210","9,270","9,130","1,000",원(KRW),"6,161,406","56,684,935,200",
1200,유진투자증권,"3,340",160,5.03,"3,340","3,335","1,323,907","4,388,382,535","3,210","3,345","3,205","5,000",원(KRW),"96,866,418","323,533,836,120",
100,유한양행,"234,000","2,000",0.86,"234,000","233,500","45,317","10,586,454,000","230,000","234,500","229,500","5,000",원(KRW),"11,665,896","2,729,819,664,000",
3460,유화증권,"15,300",200,1.32,"15,300","15,150","5,305","81,109,450","15,100","15,300","15,100","5,000",원(KRW),"11,340,483","173,509,389,900",
8730,율촌화학,"13,450",50,0.37,"13,450","13,400","16,926","227,282,300","13,400","13,450","13,350",500,원(KRW),"24,800,000","333,560,000,000",
8250,이건산업,"10,100",30,0,"10,150","10,100","33,551","337,122,720","10,000","10,150","9,980","5,000",원(KRW),"9,373,525","94,672,602,500",
25820,이구산업,"2,015",20,1,"2,015","2,010","126,955","254,085,190","1,970","2,020","1,970",500,원(KRW),"33,442,000","67,385,630,000",
214320,이노션,"65,100",200,0.31,"65,100","65,000","42,589","2,764,357,900","64,900","65,200","64,200",500,원(KRW),"20,000,000","1,302,000,000,000",
139480,이마트,"228,000","4,000",1.79,"228,500","228,000","134,810","30,701,440,500","221,000","229,500","221,000","5,000",원(KRW),"27,875,819","6,355,686,732,000",
7660,이수페타시스,"4,575",30,0.66,"4,575","4,570","410,721","1,876,465,240","4,575","4,630","4,545","1,000",원(KRW),"41,268,398","188,802,920,850",
5950,이수화학,"17,350",300,1.76,"17,400","17,350","67,249","1,160,485,050","17,100","17,400","17,050","5,000",원(KRW),"15,278,000","265,073,300,000",
15020,이스타코,"1,345",-30,2.18,"1,345","1,340","796,674","1,074,631,745","1,355","1,375","1,325",500,원(KRW),"42,851,600","57,635,402,000",
93230,이아이디,406,6,1.5,406,405,"1,245,591","498,552,167",400,407,396,200,원(KRW),"122,690,174","49,812,210,644",
74610,이엔쓰리,"3,005",-10,0.33,"3,005","3,000","142,857","427,413,530","3,050","3,050","2,950",500,원(KRW),"18,454,424","55,455,544,120",
102460,이연제약,"27,400",150,0.55,"27,400","27,300","4,452","121,836,100","27,400","27,500","27,250",500,원(KRW),"12,900,000","353,460,000,000",
84680,이월드,"2,075",15,0.73,"2,080","2,075","135,563","279,895,870","2,075","2,085","2,050","1,000",원(KRW),"90,509,897","187,808,036,275",
760,이화산업,"18,800",150,0.8,"18,800","18,650",531,"9,926,650","18,650","18,850","18,650","5,000",원(KRW),"2,800,000","52,640,000,000",
14990,인디에프,"1,890",100,5.59,"1,890","1,885","3,364,213","6,275,276,015","1,770","1,925","1,770",500,원(KRW),"58,932,995","111,383,360,550",
6490,인스코비,"1,835",20,1.1,"1,840","1,835","505,398","926,858,175","1,820","1,850","1,805",500,원(KRW),"85,912,200","157,648,887,000",
23800,인지컨트롤스,"5,520",40,0.73,"5,530","5,520","174,830","959,497,130","5,450","5,550","5,400",500,원(KRW),"15,160,128","83,683,906,560",
34590,인천도시가스,"30,350",100,0.33,"30,350","30,300",80,"2,428,100","30,300","30,400","30,300","5,000",원(KRW),"4,374,754","132,773,783,900",
129260,인터지스,"3,140",10,0.32,"3,140","3,135","26,188","81,834,875","3,130","3,165","3,100",500,원(KRW),"29,747,874","93,408,324,360",
23810,인팩,"6,150",-10,0.16,"6,150","6,140","5,652","34,656,110","6,160","6,200","6,060",500,원(KRW),"10,000,000","61,500,000,000",
249420,일동제약,"22,700",-50,0.22,"22,700","22,650","34,711","786,516,600","22,750","22,950","22,400","1,000",원(KRW),"19,629,292","445,584,928,400",
230,일동홀딩스,"19,100",100,0.53,"19,150","19,100","17,440","333,696,300","19,000","19,200","19,000","1,000",원(KRW),"10,490,296","200,364,653,600",
13360,일성건설,"15,950",30,0,0,0,0,0,0,0,0,"5,000",원(KRW),"5,340,364","85,178,805,800",
3120,일성신약,"132,000","-1,000",0.75,"132,000","131,500",295,"38,957,000","132,000","134,000","131,500","5,000",원(KRW),"2,660,000","351,120,000,000",
3200,일신방직,"115,000","-1,000",0.86,"115,000","114,500","2,416","276,877,000","114,500","115,500","114,000","5,000",원(KRW),"2,400,000","276,000,000,000",
7110,일신석재,"1,480",75,5.34,"1,485","1,480","2,559,886","3,729,041,260","1,405","1,485","1,405",500,원(KRW),"77,456,610","114,635,782,800",
7570,일양약품,"38,350",650,1.72,"38,350","38,300","52,487","2,000,725,200","37,200","38,550","37,200","2,500",원(KRW),"19,045,984","730,413,486,400",
8500,일정실업,"29,050",30,0,"29,100","29,050",699,"20,308,050","29,050","29,100","29,000","5,000",원(KRW),"1,200,000","34,860,000,000",
81000,일진다이아,"7,970",70,0.89,"7,980","7,970","17,626","139,702,610","7,910","7,970","7,870","1,000",원(KRW),"11,277,975","89,885,460,750",
20760,일진디스플,"6,170",40,0.65,"6,170","6,160","247,111","1,511,153,000","6,170","6,230","6,060",500,원(KRW),"28,314,440","174,700,094,800",
20150,일진머티리얼즈,"17,500",100,0.57,"17,500","17,450","243,130","4,254,127,950","17,300","17,700","17,300",500,원(KRW),"39,200,000","686,000,000,000",
103590,일진전기,"4,880",30,0,"4,880","4,865","14,186","68,918,535","4,880","4,900","4,850","1,000",원(KRW),"37,080,390","180,952,303,200",
15860,일진홀딩스,"4,720",20,0.43,"4,720","4,715","74,031","348,842,195","4,665","4,730","4,665","1,000",원(KRW),"49,347,483","232,920,119,760",
226320,잇츠스킨,"48,100","3,200",7.13,"48,100","48,000","50,479","2,387,911,750","44,950","48,350","44,950",500,원(KRW),"17,471,300","840,369,530,000",
33240,자화전자,"16,500",250,1.54,"16,500","16,350","102,703","1,676,118,600","16,200","16,500","16,200",500,원(KRW),"17,900,000","295,350,000,000",
950,전방,"24,700",-300,1.2,"24,700","24,650","1,787","44,358,650","24,600","25,450","24,500","5,000",원(KRW),"1,680,000","41,496,000,000",
194370,제이에스코퍼레이션,"19,300",250,1.31,"19,400","19,300","45,444","876,259,850","19,050","19,500","18,850",100,원(KRW),"13,246,326","255,654,091,800",
25620,제이준코스메틱,"6,500",270,4.33,"6,510","6,500","856,237","5,506,120,150","6,290","6,550","6,240",100,원(KRW),"61,919,541","402,477,016,500",
30000,제일기획,"18,050",250,1.4,"18,100","18,050","480,788","8,635,539,050","17,850","18,100","17,750",200,원(KRW),"115,041,225","2,076,494,111,250",
2620,제일약품,"69,100",-200,0.29,"69,100","69,000","79,247","5,474,487,600","69,000","69,800","68,500",500,원(KRW),"14,850,000","1,026,135,000,000",
1560,제일연마,"6,230",20,0.32,"6,230","6,180","3,655","22,589,550","6,210","6,240","6,130",500,원(KRW),"10,000,000","62,300,000,000",
6220,제주은행,"7,460",30,0,"7,470","7,460","31,402","234,131,820","7,460","7,480","7,420","5,000",원(KRW),"22,128,774","165,080,654,040",
89590,제주항공,"33,250",700,2.15,"33,250","33,200","110,036","3,651,992,500","32,750","33,350","32,600","5,000",원(KRW),"26,294,258","874,284,078,500",
4910,조광페인트,"10,850",-100,0.91,"10,900","10,850","49,959","542,896,200","10,950","11,000","10,800",500,원(KRW),"12,800,000","138,880,000,000",
4700,조광피혁,"38,800",250,0.65,"38,850","38,800","6,821","264,998,250","38,550","39,050","38,550","5,000",원(KRW),"6,649,138","257,986,554,400",
1550,조비,"13,350",150,1.14,"13,350","13,300","27,458","366,882,000","13,150","13,600","13,050","5,000",원(KRW),"4,403,982","58,793,159,700",
480,조선내화,"89,400","1,700",1.94,"89,400","88,800","1,463","129,307,300","88,400","89,400","87,900","5,000",원(KRW),"4,000,000","357,600,000,000",
120030,조선선재,"74,000",-600,0.8,"74,000","73,800","3,044","225,831,500","74,600","75,300","73,400",500,원(KRW),"1,257,651","93,066,174,000",
18470,조일알미늄,"1,510",10,0.67,"1,515","1,510","271,854","408,712,705","1,495","1,520","1,485",500,원(KRW),"69,600,000","105,096,000,000",
2600,조흥,"238,000","2,000",0.85,"239,000","238,000",275,"65,526,500","240,000","241,000","235,000","5,000",원(KRW),"600,000","142,800,000,000",
185750,종근당,"118,000",30,0,"118,500","118,000","32,431","3,821,787,500","116,500","118,500","116,500","2,500",원(KRW),"9,409,050","1,110,267,900,000",
63160,종근당바이오,"22,600",100,0.44,"22,600","22,550","8,157","184,100,850","22,500","22,650","22,500","2,500",원(KRW),"5,229,489","118,186,451,400",
1630,종근당홀딩스,"67,100",700,1.05,"67,100","67,000","13,402","889,773,500","66,600","67,400","65,900","2,500",원(KRW),"5,009,861","336,161,673,100",
44380,주연테크,"1,170",-5,0.43,"1,170","1,165","282,300","331,314,715","1,165","1,190","1,150",100,원(KRW),"58,078,511","67,951,857,870",
900050,중국원양자원,"1,000",30,0,0,0,0,0,0,0,0,0,홍콩달러(HKD),"97,859,369","97,859,369,000",
13870,지엠비코리아,"5,340",-50,0.93,"5,350","5,340","31,704","169,340,240","5,390","5,400","5,300",500,원(KRW),"19,072,280","101,845,975,200",
71320,지역난방공사,"69,900",-700,0.99,"70,000","69,900","27,395","1,912,035,600","69,500","70,400","68,800","5,000",원(KRW),"11,578,744","809,354,205,600",
10580,지코,976,-20,2.01,978,976,"265,104","259,606,222",996,999,971,500,원(KRW),"45,004,179","43,924,078,704",
35000,지투알,"9,990",30,0,"10,000","9,990","19,748","197,782,010","9,990","10,200","9,950","1,000",원(KRW),"16,567,409","165,508,415,910",
88790,진도,"6,020",20,0.33,"6,020","5,920","10,230","61,143,320","6,020","6,030","5,870",500,원(KRW),"12,447,744","74,935,418,880",
3780,진양산업,"3,630",-10,0.27,"3,635","3,630","22,913","83,095,355","3,610","3,655","3,600",500,원(KRW),"13,000,000","47,190,000,000",
10640,진양폴리,"2,465",25,1.02,"2,465","2,440","4,889","11,962,200","2,435","2,465","2,430",500,원(KRW),"10,000,000","24,650,000,000",
100250,진양홀딩스,"3,315",15,0.45,"3,315","3,310","71,160","235,228,310","3,285","3,315","3,285",500,원(KRW),"55,895,292","185,292,892,980",
51630,진양화학,"3,080",10,0.33,"3,095","3,075","6,073","18,723,595","3,070","3,100","3,070",500,원(KRW),"12,000,000","36,960,000,000",
11000,진원생명과학,"9,610",30,0.31,"9,610","9,600","40,016","383,673,250","9,630","9,640","9,510","1,000",원(KRW),"16,162,563","155,322,230,430",
2780,진흥기업,"2,160",-470,17.87,"2,160","2,155","3,204,806","7,168,009,615","2,470","2,485","2,130",500,원(KRW),"139,695,905","301,743,154,800",
9310,참엔지니어링,"2,910",-5,0.17,"2,915","2,910","161,501","467,240,770","2,935","2,945","2,865",500,원(KRW),"49,189,958","143,142,777,780",
650,천일고속,"93,000","1,500",1.64,"93,000","92,800",977,"90,005,100","91,700","93,000","91,300","5,000",원(KRW),"1,429,220","132,917,460,000",
12600,청호컴넷,"4,010",20,0.5,"4,010","3,995","3,982","15,907,480","3,990","4,015","3,955","5,000",원(KRW),"8,376,352","33,589,171,520",
33250,체시스,"1,210",50,4.31,"1,210","1,205","200,710","239,830,920","1,160","1,220","1,160",500,원(KRW),"24,000,000","29,040,000,000",
6380,카프로,"7,650",-50,0.65,"7,660","7,650","220,408","1,696,133,260","7,700","7,780","7,630",500,원(KRW),"40,000,000","306,000,000,000",
29460,케이씨텍,"14,600",-200,1.35,"14,600","14,550","140,288","2,052,115,350","14,700","15,000","14,450",500,원(KRW),"33,393,384","487,543,406,400",
145270,케이탑리츠,"1,370",-5,0.36,"1,375","1,370","197,356","271,541,680","1,365","1,395","1,355","1,000",원(KRW),"42,145,804","57,739,751,480",
58860,케이티스,"3,555",10,0.28,"3,560","3,555","76,300","271,354,345","3,545","3,570","3,510",500,원(KRW),"34,802,000","123,721,110,000",
900140,코라오홀딩스,"6,420",-90,1.38,"6,420","6,410","385,155","2,468,313,660","6,500","6,500","6,360",0.25,미국달러(USD),"47,869,508","307,322,241,360",
7810,코리아써키트,"13,000",-450,3.35,"13,000","12,950","118,378","1,547,458,350","13,400","13,450","12,950",500,원(KRW),"23,620,751","307,069,763,000",
152330,코리아오토글라스,"16,850",300,1.81,"16,850","16,800","47,571","790,110,350","16,600","16,850","16,450","5,000",원(KRW),"20,000,000","337,000,000,000",
3690,코리안리,"11,300",-50,0.44,"11,300","11,250","317,229","3,582,086,000","11,450","11,450","11,200",500,원(KRW),"120,369,116","1,360,171,010,800",
192820,코스맥스,"149,000","7,000",4.93,"149,000","148,500","102,942","15,185,912,500","141,000","149,500","141,000",500,원(KRW),"10,049,509","1,497,376,841,000",
44820,코스맥스비티아이,"36,950","1,700",4.82,"36,950","36,900","33,514","1,224,480,600","35,350","37,150","35,000",500,원(KRW),"9,603,921","354,864,880,950",
5070,코스모신소재,"5,000",30,0.6,"5,000","4,995","48,134","240,317,925","4,975","5,030","4,935","5,000",원(KRW),"15,077,968","75,389,840,000",
5420,코스모화학,"5,440",-60,1.09,"5,500","5,440","26,557","145,786,960","5,500","5,540","5,440","5,000",원(KRW),"13,328,444","72,506,735,360",
71950,코아스,"1,690",-10,0.59,"1,700","1,690","235,448","398,755,060","1,730","1,730","1,680",500,원(KRW),"30,907,210","52,233,184,900",
2020,코오롱,"63,300",800,1.28,"63,400","63,300","33,153","2,090,833,700","62,200","63,400","62,200","5,000",원(KRW),"12,061,185","763,473,010,500",
3070,코오롱글로벌,"13,500",100,0.75,"13,500","13,400","15,918","213,552,800","13,350","13,650","13,300","5,000",원(KRW),"16,570,088","223,696,188,000",
144620,코오롱머티리얼,"12,250",30,0,0,0,0,0,0,0,0,"5,000",원(KRW),"9,000,000","110,250,000,000",
120110,코오롱인더,"68,600",-300,0.44,"68,700","68,600","65,919","4,526,064,000","68,300","69,300","68,300","5,000",원(KRW),"25,151,950","1,725,423,770,000",
138490,코오롱플라스틱,"6,290",-70,1.1,"6,290","6,280","54,925","346,538,310","6,390","6,440","6,260","1,000",원(KRW),"38,000,000","239,020,000,000",
21240,코웨이,"106,000","6,700",6.75,"106,500","106,000","330,340","34,450,903,900","97,000","107,500","97,000",500,원(KRW),"75,608,764","8,014,528,984,000",
31820,콤텍시스템,"1,625",45,2.85,"1,635","1,625","397,200","633,187,970","1,550","1,640","1,550",500,원(KRW),"31,851,466","51,758,632,250",
192400,쿠쿠전자,"133,500","3,000",2.3,"133,500","133,000","11,145","1,474,874,500","129,500","134,000","129,500",500,원(KRW),"9,803,360","1,308,748,560,000",
264900,크라운제과,"18,550",50,0.27,"18,600","18,550","123,136","2,289,461,150","18,550","18,900","18,500",200,원(KRW),"12,523,850","232,317,417,500",
5740,크라운해태홀딩스,"30,500",-350,1.13,"30,500","30,450","545,080","16,895,932,000","31,250","31,750","30,450",500,원(KRW),"9,725,700","296,633,850,000",
39490,키움증권,"80,100",-400,0.5,"80,100","80,000","55,984","4,502,222,600","80,200","82,000","79,900","5,000",원(KRW),"22,099,740","1,770,189,174,000",
12170,키위미디어그룹,"1,055",20,1.93,"1,055","1,050","741,332","777,932,570","1,035","1,060","1,035",500,원(KRW),"137,229,808","144,777,447,440",
15890,태경산업,"4,830",20,0.42,"4,830","4,810","1,380","6,661,190","4,825","4,830","4,820",500,원(KRW),"29,228,750","141,174,862,500",
6890,태경화학,"5,050",-20,0.39,"5,060","5,050","41,717","210,924,040","5,060","5,080","5,030",500,원(KRW),"11,600,000","58,580,000,000",
3240,태광산업,"885,000","2,000",0.23,"886,000","885,000",875,"771,243,000","880,000","888,000","879,000","5,000",원(KRW),"1,113,400","985,359,000,000",
11280,태림포장,"3,055",-20,0.65,"3,065","3,055","61,464","187,314,785","3,035","3,070","3,035",500,원(KRW),"70,805,940","216,312,146,700",
4100,태양금속,"2,530",100,4.12,"2,535","2,530","7,029,858","18,128,646,375","2,570","2,655","2,510",500,원(KRW),"36,700,000","92,851,000,000",
9410,태영건설,"6,340",100,1.6,"6,340","6,250","48,566","304,235,500","6,230","6,350","6,130",500,원(KRW),"76,400,000","484,376,000,000",
1420,태원물산,"4,270",20,0.47,"4,280","4,270","195,314","834,557,905","4,180","4,390","4,150",500,원(KRW),"7,600,000","32,452,000,000",
7980,태평양물산,"4,030",135,3.47,"4,035","3,995","64,274","257,410,610","3,925","4,040","3,925",500,원(KRW),"45,116,075","181,817,782,250",
78000,텔코웨어,"12,150",100,0.83,"12,200","12,150","5,263","63,604,050","12,050","12,250","12,000",500,원(KRW),"9,702,706","117,887,877,900",
214420,토니모리,"21,900",700,3.3,"21,900","21,850","195,070","4,258,207,200","21,200","22,150","21,150",200,원(KRW),"17,640,000","386,316,000,000",
140890,트러스제7호,"3,385",-75,2.17,"3,390","3,385","5,893","19,644,070","3,540","3,540","3,315","5,000",원(KRW),"9,686,000","32,787,110,000",
19180,티에이치엔,"2,320",30,1.31,"2,320","2,300","66,056","152,028,955","2,265","2,330","2,265",500,원(KRW),"18,000,000","41,760,000,000",
4870,티웨이홀딩스,"2,770",110,4.14,"2,775","2,770","921,876","2,531,183,245","2,660","2,815","2,660",500,원(KRW),"68,067,675","188,547,459,750",
134790,팀스,"23,750",-850,3.46,"23,900","23,750","34,815","839,169,250","24,600","25,000","23,750",500,원(KRW),"2,000,000","47,500,000,000",
5690,파미셀,"4,420",80,1.84,"4,420","4,415","178,724","783,536,690","4,345","4,420","4,335",500,원(KRW),"58,408,110","258,163,846,200",
36580,팜스코,"12,650",30,0,"12,650","12,600","78,717","991,308,200","12,500","12,750","12,500",500,원(KRW),"36,727,943","464,608,478,950",
28670,팬오션,"5,130",100,1.99,"5,130","5,120","6,176,839","30,948,840,690","5,050","5,130","4,955","1,000",원(KRW),"534,482,574","2,741,895,604,620",
10820,퍼스텍,"3,970",50,1.28,"3,980","3,970","294,258","1,168,395,830","3,945","3,995","3,945",500,원(KRW),"46,764,840","185,656,414,800",
16800,퍼시스,"31,650",50,0.16,"31,650","31,600",890,"27,903,200","31,400","31,650","31,100","1,000",원(KRW),"11,500,000","363,975,000,000",
1020,페이퍼코리아,495,4,0.81,496,495,"1,392,413","690,314,328",492,500,490,500,원(KRW),"224,367,056","111,061,692,720",
90080,평화산업,"1,745",20,1.16,"1,750","1,745","17,837","30,874,630","1,740","1,755","1,715",500,원(KRW),"37,403,844","65,269,707,780",
10770,평화홀딩스,"3,675",75,2.08,"3,675","3,610","9,429","34,315,660","3,600","3,695","3,595",500,원(KRW),"14,625,466","53,748,587,550",
58430,포스코강판,"31,800",100,0.32,"31,800","31,750","18,571","588,028,100","31,650","31,950","31,200","5,000",원(KRW),"6,000,000","190,800,000,000",
17810,풀무원,"129,000","-1,500",1.15,"129,000","128,500","3,222","414,394,500","130,500","131,000","127,500","5,000",원(KRW),"3,809,095","491,373,255,000",
103140,풍산,"40,100",100,0.25,"40,100","40,050","117,301","4,697,940,800","40,000","40,550","39,800","5,000",원(KRW),"28,024,278","1,123,773,547,800",
5810,풍산홀딩스,"47,950",-150,0.31,"47,950","47,900","1,784","85,606,850","48,100","48,200","47,800","5,000",원(KRW),"7,835,167","375,696,257,650",
33180,필룩스,"3,915",30,0.77,"3,920","3,915","149,938","587,395,040","3,885","3,965","3,885",500,원(KRW),"27,440,180","107,428,304,700",
86790,하나금융지주,"40,200",200,0.5,"40,250","40,200","1,118,065","45,013,725,230","40,850","40,900","39,950","5,000",원(KRW),"296,003,062","11,899,323,092,400",
39130,하나투어,"88,600","4,800",5.73,"88,600","88,500","118,234","10,320,871,600","84,500","88,900","84,100",500,원(KRW),"11,616,185","1,029,193,991,000",
71090,하이스틸,"23,200",50,0.22,"23,250","23,200","2,372","54,827,400","22,800","23,200","22,800","5,000",원(KRW),"1,999,944","46,398,700,800",
19490,하이트론,"4,715",-5,0.11,"4,715","4,705","11,998","56,416,700","4,720","4,750","4,655","2,500",원(KRW),"5,530,735","26,077,415,525",
80,하이트진로,"20,950",-50,0.24,"20,950","20,900","180,521","3,784,168,450","21,000","21,200","20,850","5,000",원(KRW),"70,133,611","1,469,299,150,450",
140,하이트진로홀딩스,"11,200",-50,0.44,"11,200","11,150","23,671","263,446,150","11,150","11,300","11,000","5,000",원(KRW),"23,206,765","259,915,768,000",
152550,한국ANKOR유전,"1,820",5,0.28,"1,825","1,820","11,995","21,905,160","1,815","1,830","1,815",0,원(KRW),"70,020,000","127,436,400,000",
36460,한국가스공사,"45,900",-500,1.08,"45,900","45,850","132,679","6,092,039,700","45,950","46,400","45,600","5,000",원(KRW),"92,313,000","4,237,166,700,000",
5430,한국공항,"43,400","2,050",4.96,"43,400","43,250","12,433","531,522,800","41,500","43,500","41,450","5,000",원(KRW),"3,166,355","137,419,807,000",
71050,한국금융지주,"52,800",600,1.15,"52,800","52,700","118,234","6,231,829,900","51,700","53,100","51,700","5,000",원(KRW),"55,725,992","2,942,332,377,600",
10040,한국내화,"2,980",10,0.34,"2,980","2,975","26,209","77,845,065","2,970","2,980","2,950",500,원(KRW),"22,863,632","68,133,623,360",
25540,한국단자,"72,000","1,700",2.42,"72,100","72,000","10,823","775,495,400","69,500","72,400","69,500",500,원(KRW),"10,415,000","749,880,000,000",
4090,한국석유,"107,000",-500,0.47,"107,500","107,000",561,"60,030,000","107,000","108,500","107,000","5,000",원(KRW),"655,200","70,106,400,000",
2960,한국쉘석유,"403,500","1,000",0.25,"403,500","402,500","1,354","545,143,000","400,500","403,500","400,500","5,000",원(KRW),"1,300,000","524,550,000,000",
2000,한국유리,"26,150",-50,0.19,"26,150","26,050","1,382","35,995,750","26,200","26,200","25,950","5,000",원(KRW),"10,079,660","263,583,109,000",
123890,한국자산신탁,"8,880",190,2.19,"8,880","8,870","150,073","1,325,868,890","8,650","8,900","8,650",500,원(KRW),"93,500,000","830,280,000,000",
15760,한국전력,"44,450",-300,0.67,"44,450","44,400","986,527","43,847,982,348","44,500","44,700","44,300","5,000",원(KRW),"641,964,077","28,535,303,222,650",
6200,한국전자홀딩스,824,13,1.6,824,823,"79,859","65,091,546",819,826,809,500,원(KRW),"46,803,136","38,565,784,064",
2300,한국제지,"29,600",30,0,"29,600","29,500","12,296","363,283,650","29,600","29,850","29,400","5,000",원(KRW),"5,004,949","148,146,490,400",
23350,한국종합기술,"11,500",-750,6.12,"11,550","11,500","308,675","3,579,823,000","11,800","11,900","11,200",500,원(KRW),"10,950,000","125,925,000,000",
25890,한국주강,"2,970",10,0.34,"2,970","2,955","5,170","15,240,550","2,930","2,980","2,930",500,원(KRW),"11,309,259","33,588,499,230",
970,한국주철관,"9,370",200,2.18,"9,370","9,350","9,536","88,246,590","9,170","9,400","9,120",500,원(KRW),"22,800,500","213,640,685,000",
104700,한국철강,"38,750",200,0.52,"38,750","38,700","17,398","671,025,100","38,150","38,800","38,150","5,000",원(KRW),"9,210,000","356,887,500,000",
17960,한국카본,"6,740",90,1.35,"6,750","6,740","164,365","1,107,032,220","6,650","6,770","6,620",500,원(KRW),"43,960,757","296,295,502,180",
161890,한국콜마,"84,000","3,700",4.61,"84,100","84,000","201,678","16,697,831,400","79,400","84,200","79,400",500,원(KRW),"21,100,151","1,772,412,684,000",
24720,한국콜마홀딩스,"34,950","2,150",6.55,"35,000","34,950","241,417","8,288,939,550","32,500","35,200","32,500",500,원(KRW),"16,748,936","585,375,313,200",
161390,한국타이어,"58,900","-1,400",2.32,"58,900","58,800","419,317","24,749,929,600","59,100","60,100","58,600",500,원(KRW),"123,875,069","7,296,241,564,100",
240,한국타이어월드와이드,"20,400",100,0.49,"20,450","20,400","82,758","1,679,433,650","20,150","20,450","20,050",500,원(KRW),"93,020,173","1,897,611,529,200",
34830,한국토지신탁,"3,155",10,0.32,"3,160","3,155","805,627","2,551,550,140","3,140","3,190","3,140","1,000",원(KRW),"252,489,230","796,603,520,650",
7280,한국특수형강,"2,085",75,3.73,"2,090","2,085","994,987","2,043,131,515","2,050","2,135","1,970",500,원(KRW),"18,020,878","37,573,530,630",
168490,한국패러랠,"2,485",-35,1.39,"2,530","2,485","29,435","74,216,300","2,525","2,545","2,485",0,원(KRW),"80,020,000","198,849,700,000",
10100,한국프랜지,"12,700",100,0.79,"12,700","12,650","12,379","156,414,350","12,600","12,700","12,550","5,000",원(KRW),"6,090,084","77,344,066,800",
123690,한국화장품,"15,600",400,2.63,"15,600","15,550","175,078","2,713,364,250","15,300","15,700","15,250",500,원(KRW),"16,068,000","250,660,800,000",
3350,한국화장품제조,"28,700",700,2.5,"28,750","28,700","22,259","634,006,900","27,700","28,850","27,700",500,원(KRW),"4,532,000","130,068,400,000",
11500,한농화성,"5,570",30,0,"5,580","5,570","26,536","147,859,910","5,570","5,620","5,540",500,원(KRW),"15,637,042","87,098,323,940",
2390,한독,"23,300",100,0.43,"23,300","23,200","4,672","108,751,550","23,100","23,500","23,100",500,원(KRW),"12,594,080","293,442,064,000",
14790,한라,"4,625",-35,0.75,"4,625","4,620","56,691","261,961,280","4,660","4,740","4,550","5,000",원(KRW),"36,494,942","168,789,106,750",
60980,한라홀딩스,"60,200",30,0,"60,500","60,200","33,643","2,031,532,800","59,200","60,800","59,200","5,000",원(KRW),"10,802,691","650,321,998,200",
53690,한미글로벌,"10,150",-50,0.49,"10,150","10,100","89,268","897,740,370","10,200","10,200","9,990",500,원(KRW),"10,855,588","110,184,218,200",
42700,한미반도체,"18,700",30,0,0,0,0,0,0,0,0,500,원(KRW),"25,432,841","475,594,126,700",
8930,한미사이언스,"60,700","1,100",1.85,"60,800","60,700","109,870","6,674,376,200","59,400","61,400","59,400",500,원(KRW),"62,279,874","3,780,388,351,800",
128940,한미약품,"316,500","7,500",2.43,"317,000","316,500","136,328","43,049,893,500","310,000","318,000","308,500","2,500",원(KRW),"11,163,452","3,533,232,558,000",
9240,한샘,"221,000","2,500",1.14,"221,000","220,500","73,607","16,234,319,750","216,000","222,500","215,000","1,000",원(KRW),"23,533,928","5,200,998,088,000",
20000,한섬,"31,700",850,2.76,"31,700","31,650","79,940","2,522,191,400","30,650","31,950","30,650",500,원(KRW),"24,630,000","780,771,000,000",
3680,한성기업,"7,400",-30,0.4,"7,410","7,400","8,202","60,240,270","7,420","7,420","7,300","5,000",원(KRW),"5,477,951","40,536,837,400",
105630,한세실업,"26,700",150,0.56,"26,750","26,700","147,394","3,915,452,750","26,400","26,750","26,350",500,원(KRW),"40,000,000","1,068,000,000,000",
16450,한세예스24홀딩스,"10,100",160,1.61,"10,100","10,050","20,771","210,336,000","9,950","10,350","9,860",500,원(KRW),"40,000,000","404,000,000,000",
10420,한솔PNS,"2,075",10,0.48,"2,080","2,075","128,227","265,516,565","2,085","2,090","2,020",500,원(KRW),"20,493,012","42,522,999,900",
9180,한솔로지스틱스,"2,510",20,0.8,"2,510","2,500","24,028","60,276,680","2,515","2,520","2,490",500,원(KRW),"16,477,425","41,358,336,750",
213500,한솔제지,"19,200",50,0.26,"19,200","19,150","40,216","771,047,700","19,150","19,250","19,050","5,000",원(KRW),"23,800,576","456,971,059,200",
14680,한솔케미칼,"82,200",600,0.74,"82,200","82,100","27,750","2,279,569,900","80,400","82,600","80,400","5,000",원(KRW),"11,295,195","928,465,029,000",
4710,한솔테크닉스,"15,200",50,0.33,"15,200","15,150","95,852","1,455,056,650","15,150","15,350","15,100","5,000",원(KRW),"22,109,878","336,070,145,600",
4150,한솔홀딩스,"6,400",30,0,"6,400","6,390","40,318","257,346,370","6,390","6,400","6,350","5,000",원(KRW),"46,359,871","296,703,174,400",
25750,한솔홈데코,"1,685",35,2.12,"1,685","1,680","650,261","1,087,505,365","1,650","1,685","1,650","1,000",원(KRW),"80,565,149","135,752,276,065",
4960,한신공영,"18,400",-100,0.54,"18,400","18,350","18,707","343,153,550","18,350","18,700","18,150","5,000",원(KRW),"10,166,455","187,062,772,000",
11700,한신기계,"3,120",30,0.97,"3,130","3,120","159,950","497,675,330","3,080","3,145","3,070",500,원(KRW),"32,446,151","101,231,991,120",
1750,한양증권,"7,560",110,1.48,"7,560","7,550","75,787","571,802,450","7,450","7,580","7,450","5,000",원(KRW),"12,728,534","96,227,717,040",
18880,한온시스템,"8,530",10,0.12,"8,530","8,520","805,759","6,871,352,950","8,450","8,580","8,450",100,원(KRW),"533,800,000","4,553,314,000,000",
9420,한올바이오파마,"12,600",30,0,"12,650","12,600","141,461","1,785,125,550","12,550","12,700","12,550",500,원(KRW),"52,240,638","658,232,038,800",
14130,한익스프레스,"61,500",700,1.15,"61,500","60,900","2,173","132,249,000","59,600","61,700","59,600","5,000",원(KRW),"1,200,000","73,800,000,000",
3300,한일시멘트,"119,500","1,000",0.84,"119,500","119,000","7,524","894,504,000","116,000","120,500","116,000","5,000",원(KRW),"7,545,313","901,664,903,500",
2220,한일철강,"22,600",-350,1.53,"22,650","22,600","1,139","25,751,500","22,700","22,700","22,550","5,000",원(KRW),"2,040,000","46,104,000,000",
51600,한전KPS,"58,800","2,300",4.07,"58,800","58,700","175,757","10,257,384,300","56,100","59,000","56,100",200,원(KRW),"45,000,000","2,646,000,000,000",
52690,한전기술,"23,750",-250,1.04,"23,750","23,700","176,277","4,202,287,150","24,000","24,200","23,650",200,원(KRW),"38,220,000","907,725,000,000",
130660,한전산업,"4,515",-5,0.11,"4,515","4,510","25,291","113,819,470","4,485","4,520","4,485",500,원(KRW),"32,600,000","147,189,000,000",
2320,한진,"30,350",50,0.17,"30,350","30,300","109,906","3,289,248,750","30,050","30,350","29,650","5,000",원(KRW),"11,974,656","363,430,809,600",
97230,한진중공업,"3,505",75,2.19,"3,510","3,505","479,226","1,680,035,305","3,440","3,540","3,440","5,000",원(KRW),"106,052,508","371,714,040,540",
3480,한진중공업홀딩스,"5,270",120,2.33,"5,270","5,220","8,506","44,780,370","5,280","5,300","5,190","5,000",원(KRW),"29,529,812","155,622,109,240",
180640,한진칼,"21,400",850,4.14,"21,400","21,350","676,670","14,470,161,600","20,600","21,750","20,600","2,500",원(KRW),"59,170,458","1,266,247,801,200",
5110,한창,"1,725",25,1.47,"1,730","1,725","362,164","625,173,315","1,700","1,750","1,690",500,원(KRW),"34,458,589","59,441,066,025",
9460,한창제지,"1,125",10,0.9,"1,125","1,120","260,581","290,273,065","1,115","1,125","1,105",500,원(KRW),"59,667,486","67,125,921,750",
880,한화,"40,050",30,0,"40,100","40,050","292,083","11,723,180,900","39,850","40,450","39,850","5,000",원(KRW),"74,958,735","3,002,097,336,750",
27390,한화갤러리아타임월드,"34,350",400,1.18,"34,350","34,300","26,622","909,380,250","33,800","34,550","33,800","5,000",원(KRW),"6,000,131","206,104,499,850",
88350,한화생명,"6,240",70,1.13,"6,240","6,230","1,193,036","7,464,242,684","6,130","6,290","6,130","5,000",원(KRW),"868,530,000","5,419,627,200,000",
370,한화손해보험,"7,470",-20,0.27,"7,470","7,440","157,694","1,176,601,370","7,510","7,530","7,420","5,000",원(KRW),"90,738,915","677,819,695,050",
9830,한화케미칼,"25,200",-250,0.98,"25,250","25,200","756,941","19,079,365,750","25,500","25,600","25,000","5,000",원(KRW),"164,809,359","4,153,195,846,800",
12450,한화테크윈,"50,900",200,0.39,"50,900","50,800","282,040","14,354,681,300","50,500","51,600","50,500","5,000",원(KRW),"53,130,000","2,704,317,000,000",
3530,한화투자증권,"2,740",75,2.81,"2,740","2,735","928,191","2,529,747,890","2,690","2,745","2,680","5,000",원(KRW),"172,442,511","472,492,480,140",
15540,핫텍,"12,650",50,0.4,"12,650","12,600","12,004","150,559,050","12,600","12,750","12,400",500,원(KRW),"3,551,555","44,927,170,750",
195870,해성디에스,"19,250",550,2.94,"19,250","19,150","130,550","2,498,233,150","19,050","19,300","18,800","5,000",원(KRW),"17,000,000","327,250,000,000",
101530,해태제과식품,"20,250",150,0.75,"20,250","20,200","114,263","2,299,488,550","20,100","20,350","19,900",500,원(KRW),"29,116,822","589,615,645,500",
143210,핸즈코퍼레이션,"9,070",30,0.33,"9,070","9,050","37,639","341,220,070","9,000","9,170","9,000",500,원(KRW),"21,863,268","198,299,840,760",
89470,현대EP,"7,800",30,0,"7,820","7,800","65,636","511,033,910","7,780","7,850","7,760",500,원(KRW),"31,900,000","248,820,000,000",
720,현대건설,"47,600",-700,1.45,"47,600","47,550","588,796","28,137,455,950","48,300","48,650","47,350","5,000",원(KRW),"111,355,765","5,300,534,414,000",
5440,현대그린푸드,"16,000",150,0.95,"16,000","15,950","174,274","2,771,110,150","15,700","16,150","15,700",500,원(KRW),"97,704,482","1,563,271,712,000",
86280,현대글로비스,"147,500","2,500",1.72,"147,500","147,000","109,401","16,057,740,000","145,000","148,000","145,000",500,원(KRW),"37,500,000","5,531,250,000,000",
64350,현대로템,"21,600",300,1.41,"21,600","21,550","128,291","2,768,155,650","21,200","21,700","21,200","5,000",원(KRW),"85,000,000","1,836,000,000,000",
79430,현대리바트,"27,950",500,1.82,"27,950","27,900","54,815","1,529,451,450","27,500","28,150","27,400","1,000",원(KRW),"17,261,650","482,463,117,500",
12330,현대모비스,"228,500","-1,500",0.65,"228,500","228,000","168,857","38,432,891,000","226,000","230,500","226,000","5,000",원(KRW),"97,343,863","22,243,072,695,500",
10620,현대미포조선,"92,200",700,0.77,"92,300","92,200","176,265","16,378,621,900","91,100","94,900","91,100","5,000",원(KRW),"20,000,000","1,844,000,000,000",
69960,현대백화점,"109,500",30,0,"109,500","109,000","83,350","9,102,002,000","108,500","110,000","108,000","5,000",원(KRW),"23,402,441","2,562,567,289,500",
4560,현대비앤지스틸,"12,550",-100,0.79,"12,550","12,500","26,711","335,126,050","12,600","12,700","12,450","5,000",원(KRW),"15,078,811","189,239,078,050",
12630,현대산업,"45,600",850,1.9,"45,600","45,550","235,998","10,737,436,800","44,400","45,800","44,400","5,000",원(KRW),"75,384,180","3,437,518,608,000",
11760,현대상사,"21,200",200,0.95,"21,200","20,950","31,377","654,931,700","20,950","21,200","20,800","5,000",원(KRW),"13,228,966","280,454,079,200",
11200,현대상선,"9,030",240,2.73,"9,040","9,030","2,053,577","18,443,547,120","8,800","9,070","8,800","5,000",원(KRW),"177,861,977","1,606,093,652,310",
6390,현대시멘트,"20,900",-100,0.48,"20,950","20,900","4,062","84,618,050","21,000","21,000","20,700","5,000",원(KRW),"16,758,544","350,253,569,600",
4310,현대약품,"4,550",45,1,"4,550","4,530","58,057","262,417,770","4,550","4,555","4,495",500,원(KRW),"28,000,000","127,400,000,000",
126560,현대에이치씨엔,"3,900",15,0.39,"3,910","3,900","147,492","571,408,240","3,930","3,930","3,830",500,원(KRW),"112,876,596","440,218,724,400",
17800,현대엘리베이,"65,000","2,800",4.5,"65,100","65,000","249,854","16,076,746,600","61,900","65,500","61,900","5,000",원(KRW),"24,632,513","1,601,113,345,000",
11210,현대위아,"65,000",-100,0.15,"65,100","65,000","143,589","9,339,282,300","65,000","65,900","64,700","5,000",원(KRW),"27,195,083","1,767,680,395,000",
4020,현대제철,"54,800",-500,0.9,"54,800","54,700","431,380","23,609,476,100","54,900","55,700","54,300","5,000",원(KRW),"133,445,785","7,312,829,018,000",
9540,현대중공업,"165,000",30,0,0,0,0,0,0,0,0,"5,000",원(KRW),"76,000,000","12,540,000,000,000",
5380,현대차,"152,000","1,000",0.66,"152,000","151,500","559,335","84,580,607,776","150,500","153,000","149,500","5,000",원(KRW),"220,276,479","33,482,024,808,000",
227840,현대코퍼레이션홀딩스,"15,800",-50,0.32,"15,900","15,800","16,287","257,491,700","15,800","15,950","15,700","5,000",원(KRW),"9,100,836","143,793,208,800",
1450,현대해상,"37,600",100,0.27,"37,600","37,450","194,548","7,306,329,146","37,750","38,150","37,050",500,원(KRW),"89,400,000","3,361,440,000,000",
57050,현대홈쇼핑,"122,500","2,000",1.66,"122,500","122,000","16,377","1,996,595,000","120,000","123,000","120,000","5,000",원(KRW),"12,000,000","1,470,000,000,000",
93240,형지엘리트,"4,950",10,0.2,"4,950","4,945","120,869","599,815,535","4,950","5,050","4,900",500,원(KRW),"17,831,138","88,264,133,100",
3010,혜인,"4,450",50,1.14,"4,450","4,435","129,254","571,957,660","4,380","4,465","4,380",500,원(KRW),"12,712,747","56,571,724,150",
111110,호전실업,"22,900","1,100",5.05,"22,900","22,700","52,258","1,170,784,150","21,800","22,950","21,300",500,원(KRW),"8,000,000","183,200,000,000",
8770,호텔신라,"54,600","2,700",5.2,"54,700","54,600","794,215","42,641,903,100","52,000","54,800","51,600","5,000",원(KRW),"39,248,121","2,142,947,406,600",
